group,image,size_mb,trivy_run1_ms,trivy_run2_ms,trivy_run3_ms,trivy_mean_ms,trivy_sd_ms,grype_run1_ms,grype_run2_ms,grype_run3_ms,grype_mean_ms,grype_sd_ms,osv_run1_ms,osv_run2_ms,osv_run3_ms,osv_mean_ms,osv_sd_ms
C,alpine:3.19,7.1,416,193,185,228,158,172,248,225,165,160,199,160,158,157,171,188,160,157,168,171,171,169,227,181,203,172,179,193,191,155,182,25,80298,6332,5046,5053,7355,7944,5122,5452,3698,3785,3404,3688,3624,5191,4909,3547,3639,3522,3512,3942,3529,3395,5209,4806,3493,3484,3932,3504,3529,3505,4385,1214,6987,2854,2560,2219,2777,2159,2218,2278,2317,2258,2267,2104,2318,2573,2042,1986,2842,2219,2717,2686,2523,2284,2611,2257,2236,1974,2141,2305,1989,2224,2498,885
C,nginx:latest,153.5,984,254,278,288,289,280,277,262,262,250,265,278,253,262,287,377,408,419,404,433,525,474,474,553,361,357,438,499,500,581,386,153,14239,20179,13840,18162,13602,14356,13606,13514,15095,13497,17441,13243,17847,13619,17354,13373,13767,14335,13423,18082,13817,17652,13996,17002,13322,13986,13448,13255,15187,13270,14917,1985,27930,17803,17388,15507,17921,15995,20281,16351,18932,17774,19422,16021,15955,17979,16849,19640,16224,19935,16917,16859,16793,15954,17759,16195,18911,17617,21492,18309,19601,17090,18047,2401
C,node:20,1044.7,3053,770,784,799,750,825,758,791,765,822,754,791,818,817,912,766,832,786,889,803,797,769,781,773,761,848,775,802,922,801,877,413,97802,97826,102713,96819,101416,104674,92030,98256,97862,93082,108825,95891,104813,102200,98495,100529,94799,98213,97798,94016,104646,99793,105807,98250,95266,92136,94533,97534,97128,105476,98954,4356,144797,98963,96593,99687,92365,98234,97056,98912,98030,100615,98267,97550,90345,96912,101445,97696,97187,98909,94794,95455,95266,101875,96657,101079,95754,100531,100461,97178,99437,104715,99559,9007
C,python:3.12,1055.6,1108,803,930,798,788,796,774,754,755,758,900,793,817,780,844,806,785,777,809,791,783,776,969,768,775,850,1040,1136,1245,1121,861,135,96636,91109,94804,92945,86630,85480,99407,95218,85620,100493,100924,85045,95400,98176,87833,84861,95902,97267,85697,96865,98451,86566,91074,88983,96573,87458,88125,93129,97757,88400,92428,5293,146395,96457,93955,95208,102172,101466,94953,100638,104663,113999,103198,103881,95071,99001,103759,101209,97329,99993,99935,100690,101137,101127,103775,96162,96741,101667,102878,98023,98054,102359,101863,9305
B,nginx:1.19,127.0,1212,217,210,207,220,207,213,216,214,231,247,328,279,228,244,226,234,229,218,289,281,221,226,229,226,244,222,230,248,246,268,180,22768,12536,15001,12813,15017,12501,14612,12095,12551,11948,12154,12484,11943,16099,12771,14485,12388,15387,12688,14374,11818,11899,11746,12850,12877,13133,13275,12515,14880,12590,13473,2136,20355,13458,13463,13666,13513,12425,16728,12628,16458,12618,15756,12538,12858,12713,13668,14428,13527,13510,13486,16142,14461,19100,13005,16847,12602,15237,13189,14289,14504,12957,14338,1968
B,node:14,869.5,2089,1376,794,754,714,756,660,608,540,533,550,521,588,538,515,514,503,529,498,539,529,530,492,535,589,533,548,534,546,552,650,319,87228,81765,82620,93279,91411,83612,80121,80210,86391,79651,87065,79250,87495,82404,79375,84219,83869,79024,80797,84297,76727,78829,88608,78715,80077,83361,86895,78527,83839,81466,83038,4057,84950,89373,75185,75046,75189,77693,81822,74722,76014,80177,79454,75728,74599,81398,77314,74217,74392,81492,73557,77312,83563,72601,73620,81052,75107,77598,76485,85523,78896,75468,77985,4111
B,python:3.8,949.3,3046,1393,1343,1447,1560,1781,1759,1717,1853,1572,1988,1812,1976,1665,1330,1273,1338,1302,1433,1283,1459,1367,1291,1305,1368,1383,1320,1270,1278,1384,1543,360,97272,101329,98846,87079,93921,95089,104405,102525,91315,88825,100510,94305,91729,97912,96076,100287,99792,95710,92659,90130,89584,91314,92573,92486,90162,91337,84451,84951,83400,92392,93746,5417,102719,94372,100792,96252,92287,93437,103914,102957,97510,94663,92206,94804,103968,108239,99457,89265,95271,96535,104857,88672,93324,97972,89869,88879,92036,93583,95301,94248,105027,88212,96354,5535
A,vulnerables/web-dvwa:latest,678.8,1311,630,668,615,721,699,634,605,581,649,749,695,567,608,693,710,650,615,566,523,423,474,459,419,449,442,411,421,434,486,597,172,45808,45041,42589,45790,44283,42973,43515,44287,45946,46553,44175,44801,46160,47164,41146,45961,45601,45514,39702,46250,42146,46742,38787,43967,40471,45171,39410,44501,39402,46250,44004,2467,48090,47176,47042,46119,45898,47419,46796,43167,43075,43983,46087,42342,45337,44302,45177,43769,46410,44124,45754,44616,45211,46262,47610,46012,45944,46294,47537,46502,47665,45737,45715,1492
A,bkimminich/juice-shop:latest,467.3,656,438,332,310,344,334,323,330,355,336,351,349,416,352,361,338,334,348,332,320,333,361,337,335,326,338,346,321,334,314,353,63,41693,44151,42946,37581,44733,36951,42921,36089,42352,40124,41488,41998,43035,43243,41954,40216,41065,40855,39918,40888,39348,40086,42875,41365,44896,39902,44411,37168,43043,37263,41152,2401,68381,42000,46134,46673,44291,48684,46089,42894,46696,43657,40849,42194,48701,42945,44450,44219,46647,44291,47539,43927,46559,41372,46000,42577,44525,41237,45279,46617,44064,46302,45526,4816
